"task_id","run_id","imputation","cell_id","scenario","n","validated","m","k","chunk_id","chunks_per_cell","reps","reps_per_cell","base_seed"
1,"gs_n2000_full_20260901_r2","pmm",1,"GS",2000,500,5,5,1,50,50,2500,8500000
2,"gs_n2000_full_20260901_r2","pmm",1,"GS",2000,500,5,5,2,50,50,2500,8500050
3,"gs_n2000_full_20260901_r2","pmm",1,"GS",2000,500,5,5,3,50,50,2500,8500100
4,"gs_n2000_full_20260901_r2","pmm",1,"GS",2000,500,5,5,4,50,50,2500,8500150
5,"gs_n2000_full_20260901_r2","pmm",1,"GS",2000,500,5,5,5,50,50,2500,8500200
6,"gs_n2000_full_20260901_r2","pmm",1,"GS",2000,500,5,5,6,50,50,2500,8500250
7,"gs_n2000_full_20260901_r2","pmm",1,"GS",2000,500,5,5,7,50,50,2500,8500300
8,"gs_n2000_full_20260901_r2","pmm",1,"GS",2000,500,5,5,8,50,50,2500,8500350
9,"gs_n2000_full_20260901_r2","pmm",1,"GS",2000,500,5,5,9,50,50,2500,8500400
10,"gs_n2000_full_20260901_r2","pmm",1,"GS",2000,500,5,5,10,50,50,2500,8500450
11,"gs_n2000_full_20260901_r2","pmm",1,"GS",2000,500,5,5,11,50,50,2500,8500500
12,"gs_n2000_full_20260901_r2","pmm",1,"GS",2000,500,5,5,12,50,50,2500,8500550
13,"gs_n2000_full_20260901_r2","pmm",1,"GS",2000,500,5,5,13,50,50,2500,8500600
14,"gs_n2000_full_20260901_r2","pmm",1,"GS",2000,500,5,5,14,50,50,2500,8500650
15,"gs_n2000_full_20260901_r2","pmm",1,"GS",2000,500,5,5,15,50,50,2500,8500700
16,"gs_n2000_full_20260901_r2","pmm",1,"GS",2000,500,5,5,16,50,50,2500,8500750
17,"gs_n2000_full_20260901_r2","pmm",1,"GS",2000,500,5,5,17,50,50,2500,8500800
18,"gs_n2000_full_20260901_r2","pmm",1,"GS",2000,500,5,5,18,50,50,2500,8500850
19,"gs_n2000_full_20260901_r2","pmm",1,"GS",2000,500,5,5,19,50,50,2500,8500900
20,"gs_n2000_full_20260901_r2","pmm",1,"GS",2000,500,5,5,20,50,50,2500,8500950
21,"gs_n2000_full_20260901_r2","pmm",1,"GS",2000,500,5,5,21,50,50,2500,8501000
22,"gs_n2000_full_20260901_r2","pmm",1,"GS",2000,500,5,5,22,50,50,2500,8501050
23,"gs_n2000_full_20260901_r2","pmm",1,"GS",2000,500,5,5,23,50,50,2500,8501100
24,"gs_n2000_full_20260901_r2","pmm",1,"GS",2000,500,5,5,24,50,50,2500,8501150
25,"gs_n2000_full_20260901_r2","pmm",1,"GS",2000,500,5,5,25,50,50,2500,8501200
26,"gs_n2000_full_20260901_r2","pmm",1,"GS",2000,500,5,5,26,50,50,2500,8501250
27,"gs_n2000_full_20260901_r2","pmm",1,"GS",2000,500,5,5,27,50,50,2500,8501300
28,"gs_n2000_full_20260901_r2","pmm",1,"GS",2000,500,5,5,28,50,50,2500,8501350
29,"gs_n2000_full_20260901_r2","pmm",1,"GS",2000,500,5,5,29,50,50,2500,8501400
30,"gs_n2000_full_20260901_r2","pmm",1,"GS",2000,500,5,5,30,50,50,2500,8501450
31,"gs_n2000_full_20260901_r2","pmm",1,"GS",2000,500,5,5,31,50,50,2500,8501500
32,"gs_n2000_full_20260901_r2","pmm",1,"GS",2000,500,5,5,32,50,50,2500,8501550
33,"gs_n2000_full_20260901_r2","pmm",1,"GS",2000,500,5,5,33,50,50,2500,8501600
34,"gs_n2000_full_20260901_r2","pmm",1,"GS",2000,500,5,5,34,50,50,2500,8501650
35,"gs_n2000_full_20260901_r2","pmm",1,"GS",2000,500,5,5,35,50,50,2500,8501700
36,"gs_n2000_full_20260901_r2","pmm",1,"GS",2000,500,5,5,36,50,50,2500,8501750
37,"gs_n2000_full_20260901_r2","pmm",1,"GS",2000,500,5,5,37,50,50,2500,8501800
38,"gs_n2000_full_20260901_r2","pmm",1,"GS",2000,500,5,5,38,50,50,2500,8501850
39,"gs_n2000_full_20260901_r2","pmm",1,"GS",2000,500,5,5,39,50,50,2500,8501900
40,"gs_n2000_full_20260901_r2","pmm",1,"GS",2000,500,5,5,40,50,50,2500,8501950
41,"gs_n2000_full_20260901_r2","pmm",1,"GS",2000,500,5,5,41,50,50,2500,8502000
42,"gs_n2000_full_20260901_r2","pmm",1,"GS",2000,500,5,5,42,50,50,2500,8502050
43,"gs_n2000_full_20260901_r2","pmm",1,"GS",2000,500,5,5,43,50,50,2500,8502100
44,"gs_n2000_full_20260901_r2","pmm",1,"GS",2000,500,5,5,44,50,50,2500,8502150
45,"gs_n2000_full_20260901_r2","pmm",1,"GS",2000,500,5,5,45,50,50,2500,8502200
46,"gs_n2000_full_20260901_r2","pmm",1,"GS",2000,500,5,5,46,50,50,2500,8502250
47,"gs_n2000_full_20260901_r2","pmm",1,"GS",2000,500,5,5,47,50,50,2500,8502300
48,"gs_n2000_full_20260901_r2","pmm",1,"GS",2000,500,5,5,48,50,50,2500,8502350
49,"gs_n2000_full_20260901_r2","pmm",1,"GS",2000,500,5,5,49,50,50,2500,8502400
50,"gs_n2000_full_20260901_r2","pmm",1,"GS",2000,500,5,5,50,50,50,2500,8502450
51,"gs_n2000_full_20260901_r2","pmm",2,"GS",2000,500,5,10,1,50,50,2500,8600000
52,"gs_n2000_full_20260901_r2","pmm",2,"GS",2000,500,5,10,2,50,50,2500,8600050
53,"gs_n2000_full_20260901_r2","pmm",2,"GS",2000,500,5,10,3,50,50,2500,8600100
54,"gs_n2000_full_20260901_r2","pmm",2,"GS",2000,500,5,10,4,50,50,2500,8600150
55,"gs_n2000_full_20260901_r2","pmm",2,"GS",2000,500,5,10,5,50,50,2500,8600200
56,"gs_n2000_full_20260901_r2","pmm",2,"GS",2000,500,5,10,6,50,50,2500,8600250
57,"gs_n2000_full_20260901_r2","pmm",2,"GS",2000,500,5,10,7,50,50,2500,8600300
58,"gs_n2000_full_20260901_r2","pmm",2,"GS",2000,500,5,10,8,50,50,2500,8600350
59,"gs_n2000_full_20260901_r2","pmm",2,"GS",2000,500,5,10,9,50,50,2500,8600400
60,"gs_n2000_full_20260901_r2","pmm",2,"GS",2000,500,5,10,10,50,50,2500,8600450
61,"gs_n2000_full_20260901_r2","pmm",2,"GS",2000,500,5,10,11,50,50,2500,8600500
62,"gs_n2000_full_20260901_r2","pmm",2,"GS",2000,500,5,10,12,50,50,2500,8600550
63,"gs_n2000_full_20260901_r2","pmm",2,"GS",2000,500,5,10,13,50,50,2500,8600600
64,"gs_n2000_full_20260901_r2","pmm",2,"GS",2000,500,5,10,14,50,50,2500,8600650
65,"gs_n2000_full_20260901_r2","pmm",2,"GS",2000,500,5,10,15,50,50,2500,8600700
66,"gs_n2000_full_20260901_r2","pmm",2,"GS",2000,500,5,10,16,50,50,2500,8600750
67,"gs_n2000_full_20260901_r2","pmm",2,"GS",2000,500,5,10,17,50,50,2500,8600800
68,"gs_n2000_full_20260901_r2","pmm",2,"GS",2000,500,5,10,18,50,50,2500,8600850
69,"gs_n2000_full_20260901_r2","pmm",2,"GS",2000,500,5,10,19,50,50,2500,8600900
70,"gs_n2000_full_20260901_r2","pmm",2,"GS",2000,500,5,10,20,50,50,2500,8600950
71,"gs_n2000_full_20260901_r2","pmm",2,"GS",2000,500,5,10,21,50,50,2500,8601000
72,"gs_n2000_full_20260901_r2","pmm",2,"GS",2000,500,5,10,22,50,50,2500,8601050
73,"gs_n2000_full_20260901_r2","pmm",2,"GS",2000,500,5,10,23,50,50,2500,8601100
74,"gs_n2000_full_20260901_r2","pmm",2,"GS",2000,500,5,10,24,50,50,2500,8601150
75,"gs_n2000_full_20260901_r2","pmm",2,"GS",2000,500,5,10,25,50,50,2500,8601200
76,"gs_n2000_full_20260901_r2","pmm",2,"GS",2000,500,5,10,26,50,50,2500,8601250
77,"gs_n2000_full_20260901_r2","pmm",2,"GS",2000,500,5,10,27,50,50,2500,8601300
78,"gs_n2000_full_20260901_r2","pmm",2,"GS",2000,500,5,10,28,50,50,2500,8601350
79,"gs_n2000_full_20260901_r2","pmm",2,"GS",2000,500,5,10,29,50,50,2500,8601400
80,"gs_n2000_full_20260901_r2","pmm",2,"GS",2000,500,5,10,30,50,50,2500,8601450
81,"gs_n2000_full_20260901_r2","pmm",2,"GS",2000,500,5,10,31,50,50,2500,8601500
82,"gs_n2000_full_20260901_r2","pmm",2,"GS",2000,500,5,10,32,50,50,2500,8601550
83,"gs_n2000_full_20260901_r2","pmm",2,"GS",2000,500,5,10,33,50,50,2500,8601600
84,"gs_n2000_full_20260901_r2","pmm",2,"GS",2000,500,5,10,34,50,50,2500,8601650
85,"gs_n2000_full_20260901_r2","pmm",2,"GS",2000,500,5,10,35,50,50,2500,8601700
86,"gs_n2000_full_20260901_r2","pmm",2,"GS",2000,500,5,10,36,50,50,2500,8601750
87,"gs_n2000_full_20260901_r2","pmm",2,"GS",2000,500,5,10,37,50,50,2500,8601800
88,"gs_n2000_full_20260901_r2","pmm",2,"GS",2000,500,5,10,38,50,50,2500,8601850
89,"gs_n2000_full_20260901_r2","pmm",2,"GS",2000,500,5,10,39,50,50,2500,8601900
90,"gs_n2000_full_20260901_r2","pmm",2,"GS",2000,500,5,10,40,50,50,2500,8601950
91,"gs_n2000_full_20260901_r2","pmm",2,"GS",2000,500,5,10,41,50,50,2500,8602000
92,"gs_n2000_full_20260901_r2","pmm",2,"GS",2000,500,5,10,42,50,50,2500,8602050
93,"gs_n2000_full_20260901_r2","pmm",2,"GS",2000,500,5,10,43,50,50,2500,8602100
94,"gs_n2000_full_20260901_r2","pmm",2,"GS",2000,500,5,10,44,50,50,2500,8602150
95,"gs_n2000_full_20260901_r2","pmm",2,"GS",2000,500,5,10,45,50,50,2500,8602200
96,"gs_n2000_full_20260901_r2","pmm",2,"GS",2000,500,5,10,46,50,50,2500,8602250
97,"gs_n2000_full_20260901_r2","pmm",2,"GS",2000,500,5,10,47,50,50,2500,8602300
98,"gs_n2000_full_20260901_r2","pmm",2,"GS",2000,500,5,10,48,50,50,2500,8602350
99,"gs_n2000_full_20260901_r2","pmm",2,"GS",2000,500,5,10,49,50,50,2500,8602400
100,"gs_n2000_full_20260901_r2","pmm",2,"GS",2000,500,5,10,50,50,50,2500,8602450
101,"gs_n2000_full_20260901_r2","pmm",3,"GS",2000,500,5,20,1,50,50,2500,8700000
102,"gs_n2000_full_20260901_r2","pmm",3,"GS",2000,500,5,20,2,50,50,2500,8700050
103,"gs_n2000_full_20260901_r2","pmm",3,"GS",2000,500,5,20,3,50,50,2500,8700100
104,"gs_n2000_full_20260901_r2","pmm",3,"GS",2000,500,5,20,4,50,50,2500,8700150
105,"gs_n2000_full_20260901_r2","pmm",3,"GS",2000,500,5,20,5,50,50,2500,8700200
106,"gs_n2000_full_20260901_r2","pmm",3,"GS",2000,500,5,20,6,50,50,2500,8700250
107,"gs_n2000_full_20260901_r2","pmm",3,"GS",2000,500,5,20,7,50,50,2500,8700300
108,"gs_n2000_full_20260901_r2","pmm",3,"GS",2000,500,5,20,8,50,50,2500,8700350
109,"gs_n2000_full_20260901_r2","pmm",3,"GS",2000,500,5,20,9,50,50,2500,8700400
110,"gs_n2000_full_20260901_r2","pmm",3,"GS",2000,500,5,20,10,50,50,2500,8700450
111,"gs_n2000_full_20260901_r2","pmm",3,"GS",2000,500,5,20,11,50,50,2500,8700500
112,"gs_n2000_full_20260901_r2","pmm",3,"GS",2000,500,5,20,12,50,50,2500,8700550
113,"gs_n2000_full_20260901_r2","pmm",3,"GS",2000,500,5,20,13,50,50,2500,8700600
114,"gs_n2000_full_20260901_r2","pmm",3,"GS",2000,500,5,20,14,50,50,2500,8700650
115,"gs_n2000_full_20260901_r2","pmm",3,"GS",2000,500,5,20,15,50,50,2500,8700700
116,"gs_n2000_full_20260901_r2","pmm",3,"GS",2000,500,5,20,16,50,50,2500,8700750
117,"gs_n2000_full_20260901_r2","pmm",3,"GS",2000,500,5,20,17,50,50,2500,8700800
118,"gs_n2000_full_20260901_r2","pmm",3,"GS",2000,500,5,20,18,50,50,2500,8700850
119,"gs_n2000_full_20260901_r2","pmm",3,"GS",2000,500,5,20,19,50,50,2500,8700900
120,"gs_n2000_full_20260901_r2","pmm",3,"GS",2000,500,5,20,20,50,50,2500,8700950
121,"gs_n2000_full_20260901_r2","pmm",3,"GS",2000,500,5,20,21,50,50,2500,8701000
122,"gs_n2000_full_20260901_r2","pmm",3,"GS",2000,500,5,20,22,50,50,2500,8701050
123,"gs_n2000_full_20260901_r2","pmm",3,"GS",2000,500,5,20,23,50,50,2500,8701100
124,"gs_n2000_full_20260901_r2","pmm",3,"GS",2000,500,5,20,24,50,50,2500,8701150
125,"gs_n2000_full_20260901_r2","pmm",3,"GS",2000,500,5,20,25,50,50,2500,8701200
126,"gs_n2000_full_20260901_r2","pmm",3,"GS",2000,500,5,20,26,50,50,2500,8701250
127,"gs_n2000_full_20260901_r2","pmm",3,"GS",2000,500,5,20,27,50,50,2500,8701300
128,"gs_n2000_full_20260901_r2","pmm",3,"GS",2000,500,5,20,28,50,50,2500,8701350
129,"gs_n2000_full_20260901_r2","pmm",3,"GS",2000,500,5,20,29,50,50,2500,8701400
130,"gs_n2000_full_20260901_r2","pmm",3,"GS",2000,500,5,20,30,50,50,2500,8701450
131,"gs_n2000_full_20260901_r2","pmm",3,"GS",2000,500,5,20,31,50,50,2500,8701500
132,"gs_n2000_full_20260901_r2","pmm",3,"GS",2000,500,5,20,32,50,50,2500,8701550
133,"gs_n2000_full_20260901_r2","pmm",3,"GS",2000,500,5,20,33,50,50,2500,8701600
134,"gs_n2000_full_20260901_r2","pmm",3,"GS",2000,500,5,20,34,50,50,2500,8701650
135,"gs_n2000_full_20260901_r2","pmm",3,"GS",2000,500,5,20,35,50,50,2500,8701700
136,"gs_n2000_full_20260901_r2","pmm",3,"GS",2000,500,5,20,36,50,50,2500,8701750
137,"gs_n2000_full_20260901_r2","pmm",3,"GS",2000,500,5,20,37,50,50,2500,8701800
138,"gs_n2000_full_20260901_r2","pmm",3,"GS",2000,500,5,20,38,50,50,2500,8701850
139,"gs_n2000_full_20260901_r2","pmm",3,"GS",2000,500,5,20,39,50,50,2500,8701900
140,"gs_n2000_full_20260901_r2","pmm",3,"GS",2000,500,5,20,40,50,50,2500,8701950
141,"gs_n2000_full_20260901_r2","pmm",3,"GS",2000,500,5,20,41,50,50,2500,8702000
142,"gs_n2000_full_20260901_r2","pmm",3,"GS",2000,500,5,20,42,50,50,2500,8702050
143,"gs_n2000_full_20260901_r2","pmm",3,"GS",2000,500,5,20,43,50,50,2500,8702100
144,"gs_n2000_full_20260901_r2","pmm",3,"GS",2000,500,5,20,44,50,50,2500,8702150
145,"gs_n2000_full_20260901_r2","pmm",3,"GS",2000,500,5,20,45,50,50,2500,8702200
146,"gs_n2000_full_20260901_r2","pmm",3,"GS",2000,500,5,20,46,50,50,2500,8702250
147,"gs_n2000_full_20260901_r2","pmm",3,"GS",2000,500,5,20,47,50,50,2500,8702300
148,"gs_n2000_full_20260901_r2","pmm",3,"GS",2000,500,5,20,48,50,50,2500,8702350
149,"gs_n2000_full_20260901_r2","pmm",3,"GS",2000,500,5,20,49,50,50,2500,8702400
150,"gs_n2000_full_20260901_r2","pmm",3,"GS",2000,500,5,20,50,50,50,2500,8702450
151,"gs_n2000_full_20260901_r2","pmm",4,"GS",2000,500,5,30,1,50,50,2500,8800000
152,"gs_n2000_full_20260901_r2","pmm",4,"GS",2000,500,5,30,2,50,50,2500,8800050
153,"gs_n2000_full_20260901_r2","pmm",4,"GS",2000,500,5,30,3,50,50,2500,8800100
154,"gs_n2000_full_20260901_r2","pmm",4,"GS",2000,500,5,30,4,50,50,2500,8800150
155,"gs_n2000_full_20260901_r2","pmm",4,"GS",2000,500,5,30,5,50,50,2500,8800200
156,"gs_n2000_full_20260901_r2","pmm",4,"GS",2000,500,5,30,6,50,50,2500,8800250
157,"gs_n2000_full_20260901_r2","pmm",4,"GS",2000,500,5,30,7,50,50,2500,8800300
158,"gs_n2000_full_20260901_r2","pmm",4,"GS",2000,500,5,30,8,50,50,2500,8800350
159,"gs_n2000_full_20260901_r2","pmm",4,"GS",2000,500,5,30,9,50,50,2500,8800400
160,"gs_n2000_full_20260901_r2","pmm",4,"GS",2000,500,5,30,10,50,50,2500,8800450
161,"gs_n2000_full_20260901_r2","pmm",4,"GS",2000,500,5,30,11,50,50,2500,8800500
162,"gs_n2000_full_20260901_r2","pmm",4,"GS",2000,500,5,30,12,50,50,2500,8800550
163,"gs_n2000_full_20260901_r2","pmm",4,"GS",2000,500,5,30,13,50,50,2500,8800600
164,"gs_n2000_full_20260901_r2","pmm",4,"GS",2000,500,5,30,14,50,50,2500,8800650
165,"gs_n2000_full_20260901_r2","pmm",4,"GS",2000,500,5,30,15,50,50,2500,8800700
166,"gs_n2000_full_20260901_r2","pmm",4,"GS",2000,500,5,30,16,50,50,2500,8800750
167,"gs_n2000_full_20260901_r2","pmm",4,"GS",2000,500,5,30,17,50,50,2500,8800800
168,"gs_n2000_full_20260901_r2","pmm",4,"GS",2000,500,5,30,18,50,50,2500,8800850
169,"gs_n2000_full_20260901_r2","pmm",4,"GS",2000,500,5,30,19,50,50,2500,8800900
170,"gs_n2000_full_20260901_r2","pmm",4,"GS",2000,500,5,30,20,50,50,2500,8800950
171,"gs_n2000_full_20260901_r2","pmm",4,"GS",2000,500,5,30,21,50,50,2500,8801000
172,"gs_n2000_full_20260901_r2","pmm",4,"GS",2000,500,5,30,22,50,50,2500,8801050
173,"gs_n2000_full_20260901_r2","pmm",4,"GS",2000,500,5,30,23,50,50,2500,8801100
174,"gs_n2000_full_20260901_r2","pmm",4,"GS",2000,500,5,30,24,50,50,2500,8801150
175,"gs_n2000_full_20260901_r2","pmm",4,"GS",2000,500,5,30,25,50,50,2500,8801200
176,"gs_n2000_full_20260901_r2","pmm",4,"GS",2000,500,5,30,26,50,50,2500,8801250
177,"gs_n2000_full_20260901_r2","pmm",4,"GS",2000,500,5,30,27,50,50,2500,8801300
178,"gs_n2000_full_20260901_r2","pmm",4,"GS",2000,500,5,30,28,50,50,2500,8801350
179,"gs_n2000_full_20260901_r2","pmm",4,"GS",2000,500,5,30,29,50,50,2500,8801400
180,"gs_n2000_full_20260901_r2","pmm",4,"GS",2000,500,5,30,30,50,50,2500,8801450
181,"gs_n2000_full_20260901_r2","pmm",4,"GS",2000,500,5,30,31,50,50,2500,8801500
182,"gs_n2000_full_20260901_r2","pmm",4,"GS",2000,500,5,30,32,50,50,2500,8801550
183,"gs_n2000_full_20260901_r2","pmm",4,"GS",2000,500,5,30,33,50,50,2500,8801600
184,"gs_n2000_full_20260901_r2","pmm",4,"GS",2000,500,5,30,34,50,50,2500,8801650
185,"gs_n2000_full_20260901_r2","pmm",4,"GS",2000,500,5,30,35,50,50,2500,8801700
186,"gs_n2000_full_20260901_r2","pmm",4,"GS",2000,500,5,30,36,50,50,2500,8801750
187,"gs_n2000_full_20260901_r2","pmm",4,"GS",2000,500,5,30,37,50,50,2500,8801800
188,"gs_n2000_full_20260901_r2","pmm",4,"GS",2000,500,5,30,38,50,50,2500,8801850
189,"gs_n2000_full_20260901_r2","pmm",4,"GS",2000,500,5,30,39,50,50,2500,8801900
190,"gs_n2000_full_20260901_r2","pmm",4,"GS",2000,500,5,30,40,50,50,2500,8801950
191,"gs_n2000_full_20260901_r2","pmm",4,"GS",2000,500,5,30,41,50,50,2500,8802000
192,"gs_n2000_full_20260901_r2","pmm",4,"GS",2000,500,5,30,42,50,50,2500,8802050
193,"gs_n2000_full_20260901_r2","pmm",4,"GS",2000,500,5,30,43,50,50,2500,8802100
194,"gs_n2000_full_20260901_r2","pmm",4,"GS",2000,500,5,30,44,50,50,2500,8802150
195,"gs_n2000_full_20260901_r2","pmm",4,"GS",2000,500,5,30,45,50,50,2500,8802200
196,"gs_n2000_full_20260901_r2","pmm",4,"GS",2000,500,5,30,46,50,50,2500,8802250
197,"gs_n2000_full_20260901_r2","pmm",4,"GS",2000,500,5,30,47,50,50,2500,8802300
198,"gs_n2000_full_20260901_r2","pmm",4,"GS",2000,500,5,30,48,50,50,2500,8802350
199,"gs_n2000_full_20260901_r2","pmm",4,"GS",2000,500,5,30,49,50,50,2500,8802400
200,"gs_n2000_full_20260901_r2","pmm",4,"GS",2000,500,5,30,50,50,50,2500,8802450
201,"gs_n2000_full_20260901_r2","pmm",5,"GS",2000,500,25,5,1,50,50,2500,8900000
202,"gs_n2000_full_20260901_r2","pmm",5,"GS",2000,500,25,5,2,50,50,2500,8900050
203,"gs_n2000_full_20260901_r2","pmm",5,"GS",2000,500,25,5,3,50,50,2500,8900100
204,"gs_n2000_full_20260901_r2","pmm",5,"GS",2000,500,25,5,4,50,50,2500,8900150
205,"gs_n2000_full_20260901_r2","pmm",5,"GS",2000,500,25,5,5,50,50,2500,8900200
206,"gs_n2000_full_20260901_r2","pmm",5,"GS",2000,500,25,5,6,50,50,2500,8900250
207,"gs_n2000_full_20260901_r2","pmm",5,"GS",2000,500,25,5,7,50,50,2500,8900300
208,"gs_n2000_full_20260901_r2","pmm",5,"GS",2000,500,25,5,8,50,50,2500,8900350
209,"gs_n2000_full_20260901_r2","pmm",5,"GS",2000,500,25,5,9,50,50,2500,8900400
210,"gs_n2000_full_20260901_r2","pmm",5,"GS",2000,500,25,5,10,50,50,2500,8900450
211,"gs_n2000_full_20260901_r2","pmm",5,"GS",2000,500,25,5,11,50,50,2500,8900500
212,"gs_n2000_full_20260901_r2","pmm",5,"GS",2000,500,25,5,12,50,50,2500,8900550
213,"gs_n2000_full_20260901_r2","pmm",5,"GS",2000,500,25,5,13,50,50,2500,8900600
214,"gs_n2000_full_20260901_r2","pmm",5,"GS",2000,500,25,5,14,50,50,2500,8900650
215,"gs_n2000_full_20260901_r2","pmm",5,"GS",2000,500,25,5,15,50,50,2500,8900700
216,"gs_n2000_full_20260901_r2","pmm",5,"GS",2000,500,25,5,16,50,50,2500,8900750
217,"gs_n2000_full_20260901_r2","pmm",5,"GS",2000,500,25,5,17,50,50,2500,8900800
218,"gs_n2000_full_20260901_r2","pmm",5,"GS",2000,500,25,5,18,50,50,2500,8900850
219,"gs_n2000_full_20260901_r2","pmm",5,"GS",2000,500,25,5,19,50,50,2500,8900900
220,"gs_n2000_full_20260901_r2","pmm",5,"GS",2000,500,25,5,20,50,50,2500,8900950
221,"gs_n2000_full_20260901_r2","pmm",5,"GS",2000,500,25,5,21,50,50,2500,8901000
222,"gs_n2000_full_20260901_r2","pmm",5,"GS",2000,500,25,5,22,50,50,2500,8901050
223,"gs_n2000_full_20260901_r2","pmm",5,"GS",2000,500,25,5,23,50,50,2500,8901100
224,"gs_n2000_full_20260901_r2","pmm",5,"GS",2000,500,25,5,24,50,50,2500,8901150
225,"gs_n2000_full_20260901_r2","pmm",5,"GS",2000,500,25,5,25,50,50,2500,8901200
226,"gs_n2000_full_20260901_r2","pmm",5,"GS",2000,500,25,5,26,50,50,2500,8901250
227,"gs_n2000_full_20260901_r2","pmm",5,"GS",2000,500,25,5,27,50,50,2500,8901300
228,"gs_n2000_full_20260901_r2","pmm",5,"GS",2000,500,25,5,28,50,50,2500,8901350
229,"gs_n2000_full_20260901_r2","pmm",5,"GS",2000,500,25,5,29,50,50,2500,8901400
230,"gs_n2000_full_20260901_r2","pmm",5,"GS",2000,500,25,5,30,50,50,2500,8901450
231,"gs_n2000_full_20260901_r2","pmm",5,"GS",2000,500,25,5,31,50,50,2500,8901500
232,"gs_n2000_full_20260901_r2","pmm",5,"GS",2000,500,25,5,32,50,50,2500,8901550
233,"gs_n2000_full_20260901_r2","pmm",5,"GS",2000,500,25,5,33,50,50,2500,8901600
234,"gs_n2000_full_20260901_r2","pmm",5,"GS",2000,500,25,5,34,50,50,2500,8901650
235,"gs_n2000_full_20260901_r2","pmm",5,"GS",2000,500,25,5,35,50,50,2500,8901700
236,"gs_n2000_full_20260901_r2","pmm",5,"GS",2000,500,25,5,36,50,50,2500,8901750
237,"gs_n2000_full_20260901_r2","pmm",5,"GS",2000,500,25,5,37,50,50,2500,8901800
238,"gs_n2000_full_20260901_r2","pmm",5,"GS",2000,500,25,5,38,50,50,2500,8901850
239,"gs_n2000_full_20260901_r2","pmm",5,"GS",2000,500,25,5,39,50,50,2500,8901900
240,"gs_n2000_full_20260901_r2","pmm",5,"GS",2000,500,25,5,40,50,50,2500,8901950
241,"gs_n2000_full_20260901_r2","pmm",5,"GS",2000,500,25,5,41,50,50,2500,8902000
242,"gs_n2000_full_20260901_r2","pmm",5,"GS",2000,500,25,5,42,50,50,2500,8902050
243,"gs_n2000_full_20260901_r2","pmm",5,"GS",2000,500,25,5,43,50,50,2500,8902100
244,"gs_n2000_full_20260901_r2","pmm",5,"GS",2000,500,25,5,44,50,50,2500,8902150
245,"gs_n2000_full_20260901_r2","pmm",5,"GS",2000,500,25,5,45,50,50,2500,8902200
246,"gs_n2000_full_20260901_r2","pmm",5,"GS",2000,500,25,5,46,50,50,2500,8902250
247,"gs_n2000_full_20260901_r2","pmm",5,"GS",2000,500,25,5,47,50,50,2500,8902300
248,"gs_n2000_full_20260901_r2","pmm",5,"GS",2000,500,25,5,48,50,50,2500,8902350
249,"gs_n2000_full_20260901_r2","pmm",5,"GS",2000,500,25,5,49,50,50,2500,8902400
250,"gs_n2000_full_20260901_r2","pmm",5,"GS",2000,500,25,5,50,50,50,2500,8902450
251,"gs_n2000_full_20260901_r2","pmm",6,"GS",2000,500,25,10,1,50,50,2500,9e+06
252,"gs_n2000_full_20260901_r2","pmm",6,"GS",2000,500,25,10,2,50,50,2500,9000050
253,"gs_n2000_full_20260901_r2","pmm",6,"GS",2000,500,25,10,3,50,50,2500,9000100
254,"gs_n2000_full_20260901_r2","pmm",6,"GS",2000,500,25,10,4,50,50,2500,9000150
255,"gs_n2000_full_20260901_r2","pmm",6,"GS",2000,500,25,10,5,50,50,2500,9000200
256,"gs_n2000_full_20260901_r2","pmm",6,"GS",2000,500,25,10,6,50,50,2500,9000250
257,"gs_n2000_full_20260901_r2","pmm",6,"GS",2000,500,25,10,7,50,50,2500,9000300
258,"gs_n2000_full_20260901_r2","pmm",6,"GS",2000,500,25,10,8,50,50,2500,9000350
259,"gs_n2000_full_20260901_r2","pmm",6,"GS",2000,500,25,10,9,50,50,2500,9000400
260,"gs_n2000_full_20260901_r2","pmm",6,"GS",2000,500,25,10,10,50,50,2500,9000450
261,"gs_n2000_full_20260901_r2","pmm",6,"GS",2000,500,25,10,11,50,50,2500,9000500
262,"gs_n2000_full_20260901_r2","pmm",6,"GS",2000,500,25,10,12,50,50,2500,9000550
263,"gs_n2000_full_20260901_r2","pmm",6,"GS",2000,500,25,10,13,50,50,2500,9000600
264,"gs_n2000_full_20260901_r2","pmm",6,"GS",2000,500,25,10,14,50,50,2500,9000650
265,"gs_n2000_full_20260901_r2","pmm",6,"GS",2000,500,25,10,15,50,50,2500,9000700
266,"gs_n2000_full_20260901_r2","pmm",6,"GS",2000,500,25,10,16,50,50,2500,9000750
267,"gs_n2000_full_20260901_r2","pmm",6,"GS",2000,500,25,10,17,50,50,2500,9000800
268,"gs_n2000_full_20260901_r2","pmm",6,"GS",2000,500,25,10,18,50,50,2500,9000850
269,"gs_n2000_full_20260901_r2","pmm",6,"GS",2000,500,25,10,19,50,50,2500,9000900
270,"gs_n2000_full_20260901_r2","pmm",6,"GS",2000,500,25,10,20,50,50,2500,9000950
271,"gs_n2000_full_20260901_r2","pmm",6,"GS",2000,500,25,10,21,50,50,2500,9001000
272,"gs_n2000_full_20260901_r2","pmm",6,"GS",2000,500,25,10,22,50,50,2500,9001050
273,"gs_n2000_full_20260901_r2","pmm",6,"GS",2000,500,25,10,23,50,50,2500,9001100
274,"gs_n2000_full_20260901_r2","pmm",6,"GS",2000,500,25,10,24,50,50,2500,9001150
275,"gs_n2000_full_20260901_r2","pmm",6,"GS",2000,500,25,10,25,50,50,2500,9001200
276,"gs_n2000_full_20260901_r2","pmm",6,"GS",2000,500,25,10,26,50,50,2500,9001250
277,"gs_n2000_full_20260901_r2","pmm",6,"GS",2000,500,25,10,27,50,50,2500,9001300
278,"gs_n2000_full_20260901_r2","pmm",6,"GS",2000,500,25,10,28,50,50,2500,9001350
279,"gs_n2000_full_20260901_r2","pmm",6,"GS",2000,500,25,10,29,50,50,2500,9001400
280,"gs_n2000_full_20260901_r2","pmm",6,"GS",2000,500,25,10,30,50,50,2500,9001450
281,"gs_n2000_full_20260901_r2","pmm",6,"GS",2000,500,25,10,31,50,50,2500,9001500
282,"gs_n2000_full_20260901_r2","pmm",6,"GS",2000,500,25,10,32,50,50,2500,9001550
283,"gs_n2000_full_20260901_r2","pmm",6,"GS",2000,500,25,10,33,50,50,2500,9001600
284,"gs_n2000_full_20260901_r2","pmm",6,"GS",2000,500,25,10,34,50,50,2500,9001650
285,"gs_n2000_full_20260901_r2","pmm",6,"GS",2000,500,25,10,35,50,50,2500,9001700
286,"gs_n2000_full_20260901_r2","pmm",6,"GS",2000,500,25,10,36,50,50,2500,9001750
287,"gs_n2000_full_20260901_r2","pmm",6,"GS",2000,500,25,10,37,50,50,2500,9001800
288,"gs_n2000_full_20260901_r2","pmm",6,"GS",2000,500,25,10,38,50,50,2500,9001850
289,"gs_n2000_full_20260901_r2","pmm",6,"GS",2000,500,25,10,39,50,50,2500,9001900
290,"gs_n2000_full_20260901_r2","pmm",6,"GS",2000,500,25,10,40,50,50,2500,9001950
291,"gs_n2000_full_20260901_r2","pmm",6,"GS",2000,500,25,10,41,50,50,2500,9002000
292,"gs_n2000_full_20260901_r2","pmm",6,"GS",2000,500,25,10,42,50,50,2500,9002050
293,"gs_n2000_full_20260901_r2","pmm",6,"GS",2000,500,25,10,43,50,50,2500,9002100
294,"gs_n2000_full_20260901_r2","pmm",6,"GS",2000,500,25,10,44,50,50,2500,9002150
295,"gs_n2000_full_20260901_r2","pmm",6,"GS",2000,500,25,10,45,50,50,2500,9002200
296,"gs_n2000_full_20260901_r2","pmm",6,"GS",2000,500,25,10,46,50,50,2500,9002250
297,"gs_n2000_full_20260901_r2","pmm",6,"GS",2000,500,25,10,47,50,50,2500,9002300
298,"gs_n2000_full_20260901_r2","pmm",6,"GS",2000,500,25,10,48,50,50,2500,9002350
299,"gs_n2000_full_20260901_r2","pmm",6,"GS",2000,500,25,10,49,50,50,2500,9002400
300,"gs_n2000_full_20260901_r2","pmm",6,"GS",2000,500,25,10,50,50,50,2500,9002450
301,"gs_n2000_full_20260901_r2","pmm",7,"GS",2000,500,25,20,1,50,50,2500,9100000
302,"gs_n2000_full_20260901_r2","pmm",7,"GS",2000,500,25,20,2,50,50,2500,9100050
303,"gs_n2000_full_20260901_r2","pmm",7,"GS",2000,500,25,20,3,50,50,2500,9100100
304,"gs_n2000_full_20260901_r2","pmm",7,"GS",2000,500,25,20,4,50,50,2500,9100150
305,"gs_n2000_full_20260901_r2","pmm",7,"GS",2000,500,25,20,5,50,50,2500,9100200
306,"gs_n2000_full_20260901_r2","pmm",7,"GS",2000,500,25,20,6,50,50,2500,9100250
307,"gs_n2000_full_20260901_r2","pmm",7,"GS",2000,500,25,20,7,50,50,2500,9100300
308,"gs_n2000_full_20260901_r2","pmm",7,"GS",2000,500,25,20,8,50,50,2500,9100350
309,"gs_n2000_full_20260901_r2","pmm",7,"GS",2000,500,25,20,9,50,50,2500,9100400
310,"gs_n2000_full_20260901_r2","pmm",7,"GS",2000,500,25,20,10,50,50,2500,9100450
311,"gs_n2000_full_20260901_r2","pmm",7,"GS",2000,500,25,20,11,50,50,2500,9100500
312,"gs_n2000_full_20260901_r2","pmm",7,"GS",2000,500,25,20,12,50,50,2500,9100550
313,"gs_n2000_full_20260901_r2","pmm",7,"GS",2000,500,25,20,13,50,50,2500,9100600
314,"gs_n2000_full_20260901_r2","pmm",7,"GS",2000,500,25,20,14,50,50,2500,9100650
315,"gs_n2000_full_20260901_r2","pmm",7,"GS",2000,500,25,20,15,50,50,2500,9100700
316,"gs_n2000_full_20260901_r2","pmm",7,"GS",2000,500,25,20,16,50,50,2500,9100750
317,"gs_n2000_full_20260901_r2","pmm",7,"GS",2000,500,25,20,17,50,50,2500,9100800
318,"gs_n2000_full_20260901_r2","pmm",7,"GS",2000,500,25,20,18,50,50,2500,9100850
319,"gs_n2000_full_20260901_r2","pmm",7,"GS",2000,500,25,20,19,50,50,2500,9100900
320,"gs_n2000_full_20260901_r2","pmm",7,"GS",2000,500,25,20,20,50,50,2500,9100950
321,"gs_n2000_full_20260901_r2","pmm",7,"GS",2000,500,25,20,21,50,50,2500,9101000
322,"gs_n2000_full_20260901_r2","pmm",7,"GS",2000,500,25,20,22,50,50,2500,9101050
323,"gs_n2000_full_20260901_r2","pmm",7,"GS",2000,500,25,20,23,50,50,2500,9101100
324,"gs_n2000_full_20260901_r2","pmm",7,"GS",2000,500,25,20,24,50,50,2500,9101150
325,"gs_n2000_full_20260901_r2","pmm",7,"GS",2000,500,25,20,25,50,50,2500,9101200
326,"gs_n2000_full_20260901_r2","pmm",7,"GS",2000,500,25,20,26,50,50,2500,9101250
327,"gs_n2000_full_20260901_r2","pmm",7,"GS",2000,500,25,20,27,50,50,2500,9101300
328,"gs_n2000_full_20260901_r2","pmm",7,"GS",2000,500,25,20,28,50,50,2500,9101350
329,"gs_n2000_full_20260901_r2","pmm",7,"GS",2000,500,25,20,29,50,50,2500,9101400
330,"gs_n2000_full_20260901_r2","pmm",7,"GS",2000,500,25,20,30,50,50,2500,9101450
331,"gs_n2000_full_20260901_r2","pmm",7,"GS",2000,500,25,20,31,50,50,2500,9101500
332,"gs_n2000_full_20260901_r2","pmm",7,"GS",2000,500,25,20,32,50,50,2500,9101550
333,"gs_n2000_full_20260901_r2","pmm",7,"GS",2000,500,25,20,33,50,50,2500,9101600
334,"gs_n2000_full_20260901_r2","pmm",7,"GS",2000,500,25,20,34,50,50,2500,9101650
335,"gs_n2000_full_20260901_r2","pmm",7,"GS",2000,500,25,20,35,50,50,2500,9101700
336,"gs_n2000_full_20260901_r2","pmm",7,"GS",2000,500,25,20,36,50,50,2500,9101750
337,"gs_n2000_full_20260901_r2","pmm",7,"GS",2000,500,25,20,37,50,50,2500,9101800
338,"gs_n2000_full_20260901_r2","pmm",7,"GS",2000,500,25,20,38,50,50,2500,9101850
339,"gs_n2000_full_20260901_r2","pmm",7,"GS",2000,500,25,20,39,50,50,2500,9101900
340,"gs_n2000_full_20260901_r2","pmm",7,"GS",2000,500,25,20,40,50,50,2500,9101950
341,"gs_n2000_full_20260901_r2","pmm",7,"GS",2000,500,25,20,41,50,50,2500,9102000
342,"gs_n2000_full_20260901_r2","pmm",7,"GS",2000,500,25,20,42,50,50,2500,9102050
343,"gs_n2000_full_20260901_r2","pmm",7,"GS",2000,500,25,20,43,50,50,2500,9102100
344,"gs_n2000_full_20260901_r2","pmm",7,"GS",2000,500,25,20,44,50,50,2500,9102150
345,"gs_n2000_full_20260901_r2","pmm",7,"GS",2000,500,25,20,45,50,50,2500,9102200
346,"gs_n2000_full_20260901_r2","pmm",7,"GS",2000,500,25,20,46,50,50,2500,9102250
347,"gs_n2000_full_20260901_r2","pmm",7,"GS",2000,500,25,20,47,50,50,2500,9102300
348,"gs_n2000_full_20260901_r2","pmm",7,"GS",2000,500,25,20,48,50,50,2500,9102350
349,"gs_n2000_full_20260901_r2","pmm",7,"GS",2000,500,25,20,49,50,50,2500,9102400
350,"gs_n2000_full_20260901_r2","pmm",7,"GS",2000,500,25,20,50,50,50,2500,9102450
351,"gs_n2000_full_20260901_r2","pmm",8,"GS",2000,500,25,30,1,50,50,2500,9200000
352,"gs_n2000_full_20260901_r2","pmm",8,"GS",2000,500,25,30,2,50,50,2500,9200050
353,"gs_n2000_full_20260901_r2","pmm",8,"GS",2000,500,25,30,3,50,50,2500,9200100
354,"gs_n2000_full_20260901_r2","pmm",8,"GS",2000,500,25,30,4,50,50,2500,9200150
355,"gs_n2000_full_20260901_r2","pmm",8,"GS",2000,500,25,30,5,50,50,2500,9200200
356,"gs_n2000_full_20260901_r2","pmm",8,"GS",2000,500,25,30,6,50,50,2500,9200250
357,"gs_n2000_full_20260901_r2","pmm",8,"GS",2000,500,25,30,7,50,50,2500,9200300
358,"gs_n2000_full_20260901_r2","pmm",8,"GS",2000,500,25,30,8,50,50,2500,9200350
359,"gs_n2000_full_20260901_r2","pmm",8,"GS",2000,500,25,30,9,50,50,2500,9200400
360,"gs_n2000_full_20260901_r2","pmm",8,"GS",2000,500,25,30,10,50,50,2500,9200450
361,"gs_n2000_full_20260901_r2","pmm",8,"GS",2000,500,25,30,11,50,50,2500,9200500
362,"gs_n2000_full_20260901_r2","pmm",8,"GS",2000,500,25,30,12,50,50,2500,9200550
363,"gs_n2000_full_20260901_r2","pmm",8,"GS",2000,500,25,30,13,50,50,2500,9200600
364,"gs_n2000_full_20260901_r2","pmm",8,"GS",2000,500,25,30,14,50,50,2500,9200650
365,"gs_n2000_full_20260901_r2","pmm",8,"GS",2000,500,25,30,15,50,50,2500,9200700
366,"gs_n2000_full_20260901_r2","pmm",8,"GS",2000,500,25,30,16,50,50,2500,9200750
367,"gs_n2000_full_20260901_r2","pmm",8,"GS",2000,500,25,30,17,50,50,2500,9200800
368,"gs_n2000_full_20260901_r2","pmm",8,"GS",2000,500,25,30,18,50,50,2500,9200850
369,"gs_n2000_full_20260901_r2","pmm",8,"GS",2000,500,25,30,19,50,50,2500,9200900
370,"gs_n2000_full_20260901_r2","pmm",8,"GS",2000,500,25,30,20,50,50,2500,9200950
371,"gs_n2000_full_20260901_r2","pmm",8,"GS",2000,500,25,30,21,50,50,2500,9201000
372,"gs_n2000_full_20260901_r2","pmm",8,"GS",2000,500,25,30,22,50,50,2500,9201050
373,"gs_n2000_full_20260901_r2","pmm",8,"GS",2000,500,25,30,23,50,50,2500,9201100
374,"gs_n2000_full_20260901_r2","pmm",8,"GS",2000,500,25,30,24,50,50,2500,9201150
375,"gs_n2000_full_20260901_r2","pmm",8,"GS",2000,500,25,30,25,50,50,2500,9201200
376,"gs_n2000_full_20260901_r2","pmm",8,"GS",2000,500,25,30,26,50,50,2500,9201250
377,"gs_n2000_full_20260901_r2","pmm",8,"GS",2000,500,25,30,27,50,50,2500,9201300
378,"gs_n2000_full_20260901_r2","pmm",8,"GS",2000,500,25,30,28,50,50,2500,9201350
379,"gs_n2000_full_20260901_r2","pmm",8,"GS",2000,500,25,30,29,50,50,2500,9201400
380,"gs_n2000_full_20260901_r2","pmm",8,"GS",2000,500,25,30,30,50,50,2500,9201450
381,"gs_n2000_full_20260901_r2","pmm",8,"GS",2000,500,25,30,31,50,50,2500,9201500
382,"gs_n2000_full_20260901_r2","pmm",8,"GS",2000,500,25,30,32,50,50,2500,9201550
383,"gs_n2000_full_20260901_r2","pmm",8,"GS",2000,500,25,30,33,50,50,2500,9201600
384,"gs_n2000_full_20260901_r2","pmm",8,"GS",2000,500,25,30,34,50,50,2500,9201650
385,"gs_n2000_full_20260901_r2","pmm",8,"GS",2000,500,25,30,35,50,50,2500,9201700
386,"gs_n2000_full_20260901_r2","pmm",8,"GS",2000,500,25,30,36,50,50,2500,9201750
387,"gs_n2000_full_20260901_r2","pmm",8,"GS",2000,500,25,30,37,50,50,2500,9201800
388,"gs_n2000_full_20260901_r2","pmm",8,"GS",2000,500,25,30,38,50,50,2500,9201850
389,"gs_n2000_full_20260901_r2","pmm",8,"GS",2000,500,25,30,39,50,50,2500,9201900
390,"gs_n2000_full_20260901_r2","pmm",8,"GS",2000,500,25,30,40,50,50,2500,9201950
391,"gs_n2000_full_20260901_r2","pmm",8,"GS",2000,500,25,30,41,50,50,2500,9202000
392,"gs_n2000_full_20260901_r2","pmm",8,"GS",2000,500,25,30,42,50,50,2500,9202050
393,"gs_n2000_full_20260901_r2","pmm",8,"GS",2000,500,25,30,43,50,50,2500,9202100
394,"gs_n2000_full_20260901_r2","pmm",8,"GS",2000,500,25,30,44,50,50,2500,9202150
395,"gs_n2000_full_20260901_r2","pmm",8,"GS",2000,500,25,30,45,50,50,2500,9202200
396,"gs_n2000_full_20260901_r2","pmm",8,"GS",2000,500,25,30,46,50,50,2500,9202250
397,"gs_n2000_full_20260901_r2","pmm",8,"GS",2000,500,25,30,47,50,50,2500,9202300
398,"gs_n2000_full_20260901_r2","pmm",8,"GS",2000,500,25,30,48,50,50,2500,9202350
399,"gs_n2000_full_20260901_r2","pmm",8,"GS",2000,500,25,30,49,50,50,2500,9202400
400,"gs_n2000_full_20260901_r2","pmm",8,"GS",2000,500,25,30,50,50,50,2500,9202450
401,"gs_n2000_full_20260901_r2","pmm",9,"GS",2000,500,50,5,1,50,50,2500,9300000
402,"gs_n2000_full_20260901_r2","pmm",9,"GS",2000,500,50,5,2,50,50,2500,9300050
403,"gs_n2000_full_20260901_r2","pmm",9,"GS",2000,500,50,5,3,50,50,2500,9300100
404,"gs_n2000_full_20260901_r2","pmm",9,"GS",2000,500,50,5,4,50,50,2500,9300150
405,"gs_n2000_full_20260901_r2","pmm",9,"GS",2000,500,50,5,5,50,50,2500,9300200
406,"gs_n2000_full_20260901_r2","pmm",9,"GS",2000,500,50,5,6,50,50,2500,9300250
407,"gs_n2000_full_20260901_r2","pmm",9,"GS",2000,500,50,5,7,50,50,2500,9300300
408,"gs_n2000_full_20260901_r2","pmm",9,"GS",2000,500,50,5,8,50,50,2500,9300350
409,"gs_n2000_full_20260901_r2","pmm",9,"GS",2000,500,50,5,9,50,50,2500,9300400
410,"gs_n2000_full_20260901_r2","pmm",9,"GS",2000,500,50,5,10,50,50,2500,9300450
411,"gs_n2000_full_20260901_r2","pmm",9,"GS",2000,500,50,5,11,50,50,2500,9300500
412,"gs_n2000_full_20260901_r2","pmm",9,"GS",2000,500,50,5,12,50,50,2500,9300550
413,"gs_n2000_full_20260901_r2","pmm",9,"GS",2000,500,50,5,13,50,50,2500,9300600
414,"gs_n2000_full_20260901_r2","pmm",9,"GS",2000,500,50,5,14,50,50,2500,9300650
415,"gs_n2000_full_20260901_r2","pmm",9,"GS",2000,500,50,5,15,50,50,2500,9300700
416,"gs_n2000_full_20260901_r2","pmm",9,"GS",2000,500,50,5,16,50,50,2500,9300750
417,"gs_n2000_full_20260901_r2","pmm",9,"GS",2000,500,50,5,17,50,50,2500,9300800
418,"gs_n2000_full_20260901_r2","pmm",9,"GS",2000,500,50,5,18,50,50,2500,9300850
419,"gs_n2000_full_20260901_r2","pmm",9,"GS",2000,500,50,5,19,50,50,2500,9300900
420,"gs_n2000_full_20260901_r2","pmm",9,"GS",2000,500,50,5,20,50,50,2500,9300950
421,"gs_n2000_full_20260901_r2","pmm",9,"GS",2000,500,50,5,21,50,50,2500,9301000
422,"gs_n2000_full_20260901_r2","pmm",9,"GS",2000,500,50,5,22,50,50,2500,9301050
423,"gs_n2000_full_20260901_r2","pmm",9,"GS",2000,500,50,5,23,50,50,2500,9301100
424,"gs_n2000_full_20260901_r2","pmm",9,"GS",2000,500,50,5,24,50,50,2500,9301150
425,"gs_n2000_full_20260901_r2","pmm",9,"GS",2000,500,50,5,25,50,50,2500,9301200
426,"gs_n2000_full_20260901_r2","pmm",9,"GS",2000,500,50,5,26,50,50,2500,9301250
427,"gs_n2000_full_20260901_r2","pmm",9,"GS",2000,500,50,5,27,50,50,2500,9301300
428,"gs_n2000_full_20260901_r2","pmm",9,"GS",2000,500,50,5,28,50,50,2500,9301350
429,"gs_n2000_full_20260901_r2","pmm",9,"GS",2000,500,50,5,29,50,50,2500,9301400
430,"gs_n2000_full_20260901_r2","pmm",9,"GS",2000,500,50,5,30,50,50,2500,9301450
431,"gs_n2000_full_20260901_r2","pmm",9,"GS",2000,500,50,5,31,50,50,2500,9301500
432,"gs_n2000_full_20260901_r2","pmm",9,"GS",2000,500,50,5,32,50,50,2500,9301550
433,"gs_n2000_full_20260901_r2","pmm",9,"GS",2000,500,50,5,33,50,50,2500,9301600
434,"gs_n2000_full_20260901_r2","pmm",9,"GS",2000,500,50,5,34,50,50,2500,9301650
435,"gs_n2000_full_20260901_r2","pmm",9,"GS",2000,500,50,5,35,50,50,2500,9301700
436,"gs_n2000_full_20260901_r2","pmm",9,"GS",2000,500,50,5,36,50,50,2500,9301750
437,"gs_n2000_full_20260901_r2","pmm",9,"GS",2000,500,50,5,37,50,50,2500,9301800
438,"gs_n2000_full_20260901_r2","pmm",9,"GS",2000,500,50,5,38,50,50,2500,9301850
439,"gs_n2000_full_20260901_r2","pmm",9,"GS",2000,500,50,5,39,50,50,2500,9301900
440,"gs_n2000_full_20260901_r2","pmm",9,"GS",2000,500,50,5,40,50,50,2500,9301950
441,"gs_n2000_full_20260901_r2","pmm",9,"GS",2000,500,50,5,41,50,50,2500,9302000
442,"gs_n2000_full_20260901_r2","pmm",9,"GS",2000,500,50,5,42,50,50,2500,9302050
443,"gs_n2000_full_20260901_r2","pmm",9,"GS",2000,500,50,5,43,50,50,2500,9302100
444,"gs_n2000_full_20260901_r2","pmm",9,"GS",2000,500,50,5,44,50,50,2500,9302150
445,"gs_n2000_full_20260901_r2","pmm",9,"GS",2000,500,50,5,45,50,50,2500,9302200
446,"gs_n2000_full_20260901_r2","pmm",9,"GS",2000,500,50,5,46,50,50,2500,9302250
447,"gs_n2000_full_20260901_r2","pmm",9,"GS",2000,500,50,5,47,50,50,2500,9302300
448,"gs_n2000_full_20260901_r2","pmm",9,"GS",2000,500,50,5,48,50,50,2500,9302350
449,"gs_n2000_full_20260901_r2","pmm",9,"GS",2000,500,50,5,49,50,50,2500,9302400
450,"gs_n2000_full_20260901_r2","pmm",9,"GS",2000,500,50,5,50,50,50,2500,9302450
451,"gs_n2000_full_20260901_r2","pmm",10,"GS",2000,500,50,10,1,50,50,2500,9400000
452,"gs_n2000_full_20260901_r2","pmm",10,"GS",2000,500,50,10,2,50,50,2500,9400050
453,"gs_n2000_full_20260901_r2","pmm",10,"GS",2000,500,50,10,3,50,50,2500,9400100
454,"gs_n2000_full_20260901_r2","pmm",10,"GS",2000,500,50,10,4,50,50,2500,9400150
455,"gs_n2000_full_20260901_r2","pmm",10,"GS",2000,500,50,10,5,50,50,2500,9400200
456,"gs_n2000_full_20260901_r2","pmm",10,"GS",2000,500,50,10,6,50,50,2500,9400250
457,"gs_n2000_full_20260901_r2","pmm",10,"GS",2000,500,50,10,7,50,50,2500,9400300
458,"gs_n2000_full_20260901_r2","pmm",10,"GS",2000,500,50,10,8,50,50,2500,9400350
459,"gs_n2000_full_20260901_r2","pmm",10,"GS",2000,500,50,10,9,50,50,2500,9400400
460,"gs_n2000_full_20260901_r2","pmm",10,"GS",2000,500,50,10,10,50,50,2500,9400450
461,"gs_n2000_full_20260901_r2","pmm",10,"GS",2000,500,50,10,11,50,50,2500,9400500
462,"gs_n2000_full_20260901_r2","pmm",10,"GS",2000,500,50,10,12,50,50,2500,9400550
463,"gs_n2000_full_20260901_r2","pmm",10,"GS",2000,500,50,10,13,50,50,2500,9400600
464,"gs_n2000_full_20260901_r2","pmm",10,"GS",2000,500,50,10,14,50,50,2500,9400650
465,"gs_n2000_full_20260901_r2","pmm",10,"GS",2000,500,50,10,15,50,50,2500,9400700
466,"gs_n2000_full_20260901_r2","pmm",10,"GS",2000,500,50,10,16,50,50,2500,9400750
467,"gs_n2000_full_20260901_r2","pmm",10,"GS",2000,500,50,10,17,50,50,2500,9400800
468,"gs_n2000_full_20260901_r2","pmm",10,"GS",2000,500,50,10,18,50,50,2500,9400850
469,"gs_n2000_full_20260901_r2","pmm",10,"GS",2000,500,50,10,19,50,50,2500,9400900
470,"gs_n2000_full_20260901_r2","pmm",10,"GS",2000,500,50,10,20,50,50,2500,9400950
471,"gs_n2000_full_20260901_r2","pmm",10,"GS",2000,500,50,10,21,50,50,2500,9401000
472,"gs_n2000_full_20260901_r2","pmm",10,"GS",2000,500,50,10,22,50,50,2500,9401050
473,"gs_n2000_full_20260901_r2","pmm",10,"GS",2000,500,50,10,23,50,50,2500,9401100
474,"gs_n2000_full_20260901_r2","pmm",10,"GS",2000,500,50,10,24,50,50,2500,9401150
475,"gs_n2000_full_20260901_r2","pmm",10,"GS",2000,500,50,10,25,50,50,2500,9401200
476,"gs_n2000_full_20260901_r2","pmm",10,"GS",2000,500,50,10,26,50,50,2500,9401250
477,"gs_n2000_full_20260901_r2","pmm",10,"GS",2000,500,50,10,27,50,50,2500,9401300
478,"gs_n2000_full_20260901_r2","pmm",10,"GS",2000,500,50,10,28,50,50,2500,9401350
479,"gs_n2000_full_20260901_r2","pmm",10,"GS",2000,500,50,10,29,50,50,2500,9401400
480,"gs_n2000_full_20260901_r2","pmm",10,"GS",2000,500,50,10,30,50,50,2500,9401450
481,"gs_n2000_full_20260901_r2","pmm",10,"GS",2000,500,50,10,31,50,50,2500,9401500
482,"gs_n2000_full_20260901_r2","pmm",10,"GS",2000,500,50,10,32,50,50,2500,9401550
483,"gs_n2000_full_20260901_r2","pmm",10,"GS",2000,500,50,10,33,50,50,2500,9401600
484,"gs_n2000_full_20260901_r2","pmm",10,"GS",2000,500,50,10,34,50,50,2500,9401650
485,"gs_n2000_full_20260901_r2","pmm",10,"GS",2000,500,50,10,35,50,50,2500,9401700
486,"gs_n2000_full_20260901_r2","pmm",10,"GS",2000,500,50,10,36,50,50,2500,9401750
487,"gs_n2000_full_20260901_r2","pmm",10,"GS",2000,500,50,10,37,50,50,2500,9401800
488,"gs_n2000_full_20260901_r2","pmm",10,"GS",2000,500,50,10,38,50,50,2500,9401850
489,"gs_n2000_full_20260901_r2","pmm",10,"GS",2000,500,50,10,39,50,50,2500,9401900
490,"gs_n2000_full_20260901_r2","pmm",10,"GS",2000,500,50,10,40,50,50,2500,9401950
491,"gs_n2000_full_20260901_r2","pmm",10,"GS",2000,500,50,10,41,50,50,2500,9402000
492,"gs_n2000_full_20260901_r2","pmm",10,"GS",2000,500,50,10,42,50,50,2500,9402050
493,"gs_n2000_full_20260901_r2","pmm",10,"GS",2000,500,50,10,43,50,50,2500,9402100
494,"gs_n2000_full_20260901_r2","pmm",10,"GS",2000,500,50,10,44,50,50,2500,9402150
495,"gs_n2000_full_20260901_r2","pmm",10,"GS",2000,500,50,10,45,50,50,2500,9402200
496,"gs_n2000_full_20260901_r2","pmm",10,"GS",2000,500,50,10,46,50,50,2500,9402250
497,"gs_n2000_full_20260901_r2","pmm",10,"GS",2000,500,50,10,47,50,50,2500,9402300
498,"gs_n2000_full_20260901_r2","pmm",10,"GS",2000,500,50,10,48,50,50,2500,9402350
499,"gs_n2000_full_20260901_r2","pmm",10,"GS",2000,500,50,10,49,50,50,2500,9402400
500,"gs_n2000_full_20260901_r2","pmm",10,"GS",2000,500,50,10,50,50,50,2500,9402450
501,"gs_n2000_full_20260901_r2","pmm",11,"GS",2000,500,50,20,1,50,50,2500,9500000
502,"gs_n2000_full_20260901_r2","pmm",11,"GS",2000,500,50,20,2,50,50,2500,9500050
503,"gs_n2000_full_20260901_r2","pmm",11,"GS",2000,500,50,20,3,50,50,2500,9500100
504,"gs_n2000_full_20260901_r2","pmm",11,"GS",2000,500,50,20,4,50,50,2500,9500150
505,"gs_n2000_full_20260901_r2","pmm",11,"GS",2000,500,50,20,5,50,50,2500,9500200
506,"gs_n2000_full_20260901_r2","pmm",11,"GS",2000,500,50,20,6,50,50,2500,9500250
507,"gs_n2000_full_20260901_r2","pmm",11,"GS",2000,500,50,20,7,50,50,2500,9500300
508,"gs_n2000_full_20260901_r2","pmm",11,"GS",2000,500,50,20,8,50,50,2500,9500350
509,"gs_n2000_full_20260901_r2","pmm",11,"GS",2000,500,50,20,9,50,50,2500,9500400
510,"gs_n2000_full_20260901_r2","pmm",11,"GS",2000,500,50,20,10,50,50,2500,9500450
511,"gs_n2000_full_20260901_r2","pmm",11,"GS",2000,500,50,20,11,50,50,2500,9500500
512,"gs_n2000_full_20260901_r2","pmm",11,"GS",2000,500,50,20,12,50,50,2500,9500550
513,"gs_n2000_full_20260901_r2","pmm",11,"GS",2000,500,50,20,13,50,50,2500,9500600
514,"gs_n2000_full_20260901_r2","pmm",11,"GS",2000,500,50,20,14,50,50,2500,9500650
515,"gs_n2000_full_20260901_r2","pmm",11,"GS",2000,500,50,20,15,50,50,2500,9500700
516,"gs_n2000_full_20260901_r2","pmm",11,"GS",2000,500,50,20,16,50,50,2500,9500750
517,"gs_n2000_full_20260901_r2","pmm",11,"GS",2000,500,50,20,17,50,50,2500,9500800
518,"gs_n2000_full_20260901_r2","pmm",11,"GS",2000,500,50,20,18,50,50,2500,9500850
519,"gs_n2000_full_20260901_r2","pmm",11,"GS",2000,500,50,20,19,50,50,2500,9500900
520,"gs_n2000_full_20260901_r2","pmm",11,"GS",2000,500,50,20,20,50,50,2500,9500950
521,"gs_n2000_full_20260901_r2","pmm",11,"GS",2000,500,50,20,21,50,50,2500,9501000
522,"gs_n2000_full_20260901_r2","pmm",11,"GS",2000,500,50,20,22,50,50,2500,9501050
523,"gs_n2000_full_20260901_r2","pmm",11,"GS",2000,500,50,20,23,50,50,2500,9501100
524,"gs_n2000_full_20260901_r2","pmm",11,"GS",2000,500,50,20,24,50,50,2500,9501150
525,"gs_n2000_full_20260901_r2","pmm",11,"GS",2000,500,50,20,25,50,50,2500,9501200
526,"gs_n2000_full_20260901_r2","pmm",11,"GS",2000,500,50,20,26,50,50,2500,9501250
527,"gs_n2000_full_20260901_r2","pmm",11,"GS",2000,500,50,20,27,50,50,2500,9501300
528,"gs_n2000_full_20260901_r2","pmm",11,"GS",2000,500,50,20,28,50,50,2500,9501350
529,"gs_n2000_full_20260901_r2","pmm",11,"GS",2000,500,50,20,29,50,50,2500,9501400
530,"gs_n2000_full_20260901_r2","pmm",11,"GS",2000,500,50,20,30,50,50,2500,9501450
531,"gs_n2000_full_20260901_r2","pmm",11,"GS",2000,500,50,20,31,50,50,2500,9501500
532,"gs_n2000_full_20260901_r2","pmm",11,"GS",2000,500,50,20,32,50,50,2500,9501550
533,"gs_n2000_full_20260901_r2","pmm",11,"GS",2000,500,50,20,33,50,50,2500,9501600
534,"gs_n2000_full_20260901_r2","pmm",11,"GS",2000,500,50,20,34,50,50,2500,9501650
535,"gs_n2000_full_20260901_r2","pmm",11,"GS",2000,500,50,20,35,50,50,2500,9501700
536,"gs_n2000_full_20260901_r2","pmm",11,"GS",2000,500,50,20,36,50,50,2500,9501750
537,"gs_n2000_full_20260901_r2","pmm",11,"GS",2000,500,50,20,37,50,50,2500,9501800
538,"gs_n2000_full_20260901_r2","pmm",11,"GS",2000,500,50,20,38,50,50,2500,9501850
539,"gs_n2000_full_20260901_r2","pmm",11,"GS",2000,500,50,20,39,50,50,2500,9501900
540,"gs_n2000_full_20260901_r2","pmm",11,"GS",2000,500,50,20,40,50,50,2500,9501950
541,"gs_n2000_full_20260901_r2","pmm",11,"GS",2000,500,50,20,41,50,50,2500,9502000
542,"gs_n2000_full_20260901_r2","pmm",11,"GS",2000,500,50,20,42,50,50,2500,9502050
543,"gs_n2000_full_20260901_r2","pmm",11,"GS",2000,500,50,20,43,50,50,2500,9502100
544,"gs_n2000_full_20260901_r2","pmm",11,"GS",2000,500,50,20,44,50,50,2500,9502150
545,"gs_n2000_full_20260901_r2","pmm",11,"GS",2000,500,50,20,45,50,50,2500,9502200
546,"gs_n2000_full_20260901_r2","pmm",11,"GS",2000,500,50,20,46,50,50,2500,9502250
547,"gs_n2000_full_20260901_r2","pmm",11,"GS",2000,500,50,20,47,50,50,2500,9502300
548,"gs_n2000_full_20260901_r2","pmm",11,"GS",2000,500,50,20,48,50,50,2500,9502350
549,"gs_n2000_full_20260901_r2","pmm",11,"GS",2000,500,50,20,49,50,50,2500,9502400
550,"gs_n2000_full_20260901_r2","pmm",11,"GS",2000,500,50,20,50,50,50,2500,9502450
551,"gs_n2000_full_20260901_r2","pmm",12,"GS",2000,500,50,30,1,50,50,2500,9600000
552,"gs_n2000_full_20260901_r2","pmm",12,"GS",2000,500,50,30,2,50,50,2500,9600050
553,"gs_n2000_full_20260901_r2","pmm",12,"GS",2000,500,50,30,3,50,50,2500,9600100
554,"gs_n2000_full_20260901_r2","pmm",12,"GS",2000,500,50,30,4,50,50,2500,9600150
555,"gs_n2000_full_20260901_r2","pmm",12,"GS",2000,500,50,30,5,50,50,2500,9600200
556,"gs_n2000_full_20260901_r2","pmm",12,"GS",2000,500,50,30,6,50,50,2500,9600250
557,"gs_n2000_full_20260901_r2","pmm",12,"GS",2000,500,50,30,7,50,50,2500,9600300
558,"gs_n2000_full_20260901_r2","pmm",12,"GS",2000,500,50,30,8,50,50,2500,9600350
559,"gs_n2000_full_20260901_r2","pmm",12,"GS",2000,500,50,30,9,50,50,2500,9600400
560,"gs_n2000_full_20260901_r2","pmm",12,"GS",2000,500,50,30,10,50,50,2500,9600450
561,"gs_n2000_full_20260901_r2","pmm",12,"GS",2000,500,50,30,11,50,50,2500,9600500
562,"gs_n2000_full_20260901_r2","pmm",12,"GS",2000,500,50,30,12,50,50,2500,9600550
563,"gs_n2000_full_20260901_r2","pmm",12,"GS",2000,500,50,30,13,50,50,2500,9600600
564,"gs_n2000_full_20260901_r2","pmm",12,"GS",2000,500,50,30,14,50,50,2500,9600650
565,"gs_n2000_full_20260901_r2","pmm",12,"GS",2000,500,50,30,15,50,50,2500,9600700
566,"gs_n2000_full_20260901_r2","pmm",12,"GS",2000,500,50,30,16,50,50,2500,9600750
567,"gs_n2000_full_20260901_r2","pmm",12,"GS",2000,500,50,30,17,50,50,2500,9600800
568,"gs_n2000_full_20260901_r2","pmm",12,"GS",2000,500,50,30,18,50,50,2500,9600850
569,"gs_n2000_full_20260901_r2","pmm",12,"GS",2000,500,50,30,19,50,50,2500,9600900
570,"gs_n2000_full_20260901_r2","pmm",12,"GS",2000,500,50,30,20,50,50,2500,9600950
571,"gs_n2000_full_20260901_r2","pmm",12,"GS",2000,500,50,30,21,50,50,2500,9601000
572,"gs_n2000_full_20260901_r2","pmm",12,"GS",2000,500,50,30,22,50,50,2500,9601050
573,"gs_n2000_full_20260901_r2","pmm",12,"GS",2000,500,50,30,23,50,50,2500,9601100
574,"gs_n2000_full_20260901_r2","pmm",12,"GS",2000,500,50,30,24,50,50,2500,9601150
575,"gs_n2000_full_20260901_r2","pmm",12,"GS",2000,500,50,30,25,50,50,2500,9601200
576,"gs_n2000_full_20260901_r2","pmm",12,"GS",2000,500,50,30,26,50,50,2500,9601250
577,"gs_n2000_full_20260901_r2","pmm",12,"GS",2000,500,50,30,27,50,50,2500,9601300
578,"gs_n2000_full_20260901_r2","pmm",12,"GS",2000,500,50,30,28,50,50,2500,9601350
579,"gs_n2000_full_20260901_r2","pmm",12,"GS",2000,500,50,30,29,50,50,2500,9601400
580,"gs_n2000_full_20260901_r2","pmm",12,"GS",2000,500,50,30,30,50,50,2500,9601450
581,"gs_n2000_full_20260901_r2","pmm",12,"GS",2000,500,50,30,31,50,50,2500,9601500
582,"gs_n2000_full_20260901_r2","pmm",12,"GS",2000,500,50,30,32,50,50,2500,9601550
583,"gs_n2000_full_20260901_r2","pmm",12,"GS",2000,500,50,30,33,50,50,2500,9601600
584,"gs_n2000_full_20260901_r2","pmm",12,"GS",2000,500,50,30,34,50,50,2500,9601650
585,"gs_n2000_full_20260901_r2","pmm",12,"GS",2000,500,50,30,35,50,50,2500,9601700
586,"gs_n2000_full_20260901_r2","pmm",12,"GS",2000,500,50,30,36,50,50,2500,9601750
587,"gs_n2000_full_20260901_r2","pmm",12,"GS",2000,500,50,30,37,50,50,2500,9601800
588,"gs_n2000_full_20260901_r2","pmm",12,"GS",2000,500,50,30,38,50,50,2500,9601850
589,"gs_n2000_full_20260901_r2","pmm",12,"GS",2000,500,50,30,39,50,50,2500,9601900
590,"gs_n2000_full_20260901_r2","pmm",12,"GS",2000,500,50,30,40,50,50,2500,9601950
591,"gs_n2000_full_20260901_r2","pmm",12,"GS",2000,500,50,30,41,50,50,2500,9602000
592,"gs_n2000_full_20260901_r2","pmm",12,"GS",2000,500,50,30,42,50,50,2500,9602050
593,"gs_n2000_full_20260901_r2","pmm",12,"GS",2000,500,50,30,43,50,50,2500,9602100
594,"gs_n2000_full_20260901_r2","pmm",12,"GS",2000,500,50,30,44,50,50,2500,9602150
595,"gs_n2000_full_20260901_r2","pmm",12,"GS",2000,500,50,30,45,50,50,2500,9602200
596,"gs_n2000_full_20260901_r2","pmm",12,"GS",2000,500,50,30,46,50,50,2500,9602250
597,"gs_n2000_full_20260901_r2","pmm",12,"GS",2000,500,50,30,47,50,50,2500,9602300
598,"gs_n2000_full_20260901_r2","pmm",12,"GS",2000,500,50,30,48,50,50,2500,9602350
599,"gs_n2000_full_20260901_r2","pmm",12,"GS",2000,500,50,30,49,50,50,2500,9602400
600,"gs_n2000_full_20260901_r2","pmm",12,"GS",2000,500,50,30,50,50,50,2500,9602450
601,"gs_n2000_full_20260901_r2","pmm",13,"GS",2000,500,100,5,1,50,50,2500,9700000
602,"gs_n2000_full_20260901_r2","pmm",13,"GS",2000,500,100,5,2,50,50,2500,9700050
603,"gs_n2000_full_20260901_r2","pmm",13,"GS",2000,500,100,5,3,50,50,2500,9700100
604,"gs_n2000_full_20260901_r2","pmm",13,"GS",2000,500,100,5,4,50,50,2500,9700150
605,"gs_n2000_full_20260901_r2","pmm",13,"GS",2000,500,100,5,5,50,50,2500,9700200
606,"gs_n2000_full_20260901_r2","pmm",13,"GS",2000,500,100,5,6,50,50,2500,9700250
607,"gs_n2000_full_20260901_r2","pmm",13,"GS",2000,500,100,5,7,50,50,2500,9700300
608,"gs_n2000_full_20260901_r2","pmm",13,"GS",2000,500,100,5,8,50,50,2500,9700350
609,"gs_n2000_full_20260901_r2","pmm",13,"GS",2000,500,100,5,9,50,50,2500,9700400
610,"gs_n2000_full_20260901_r2","pmm",13,"GS",2000,500,100,5,10,50,50,2500,9700450
611,"gs_n2000_full_20260901_r2","pmm",13,"GS",2000,500,100,5,11,50,50,2500,9700500
612,"gs_n2000_full_20260901_r2","pmm",13,"GS",2000,500,100,5,12,50,50,2500,9700550
613,"gs_n2000_full_20260901_r2","pmm",13,"GS",2000,500,100,5,13,50,50,2500,9700600
614,"gs_n2000_full_20260901_r2","pmm",13,"GS",2000,500,100,5,14,50,50,2500,9700650
615,"gs_n2000_full_20260901_r2","pmm",13,"GS",2000,500,100,5,15,50,50,2500,9700700
616,"gs_n2000_full_20260901_r2","pmm",13,"GS",2000,500,100,5,16,50,50,2500,9700750
617,"gs_n2000_full_20260901_r2","pmm",13,"GS",2000,500,100,5,17,50,50,2500,9700800
618,"gs_n2000_full_20260901_r2","pmm",13,"GS",2000,500,100,5,18,50,50,2500,9700850
619,"gs_n2000_full_20260901_r2","pmm",13,"GS",2000,500,100,5,19,50,50,2500,9700900
620,"gs_n2000_full_20260901_r2","pmm",13,"GS",2000,500,100,5,20,50,50,2500,9700950
621,"gs_n2000_full_20260901_r2","pmm",13,"GS",2000,500,100,5,21,50,50,2500,9701000
622,"gs_n2000_full_20260901_r2","pmm",13,"GS",2000,500,100,5,22,50,50,2500,9701050
623,"gs_n2000_full_20260901_r2","pmm",13,"GS",2000,500,100,5,23,50,50,2500,9701100
624,"gs_n2000_full_20260901_r2","pmm",13,"GS",2000,500,100,5,24,50,50,2500,9701150
625,"gs_n2000_full_20260901_r2","pmm",13,"GS",2000,500,100,5,25,50,50,2500,9701200
626,"gs_n2000_full_20260901_r2","pmm",13,"GS",2000,500,100,5,26,50,50,2500,9701250
627,"gs_n2000_full_20260901_r2","pmm",13,"GS",2000,500,100,5,27,50,50,2500,9701300
628,"gs_n2000_full_20260901_r2","pmm",13,"GS",2000,500,100,5,28,50,50,2500,9701350
629,"gs_n2000_full_20260901_r2","pmm",13,"GS",2000,500,100,5,29,50,50,2500,9701400
630,"gs_n2000_full_20260901_r2","pmm",13,"GS",2000,500,100,5,30,50,50,2500,9701450
631,"gs_n2000_full_20260901_r2","pmm",13,"GS",2000,500,100,5,31,50,50,2500,9701500
632,"gs_n2000_full_20260901_r2","pmm",13,"GS",2000,500,100,5,32,50,50,2500,9701550
633,"gs_n2000_full_20260901_r2","pmm",13,"GS",2000,500,100,5,33,50,50,2500,9701600
634,"gs_n2000_full_20260901_r2","pmm",13,"GS",2000,500,100,5,34,50,50,2500,9701650
635,"gs_n2000_full_20260901_r2","pmm",13,"GS",2000,500,100,5,35,50,50,2500,9701700
636,"gs_n2000_full_20260901_r2","pmm",13,"GS",2000,500,100,5,36,50,50,2500,9701750
637,"gs_n2000_full_20260901_r2","pmm",13,"GS",2000,500,100,5,37,50,50,2500,9701800
638,"gs_n2000_full_20260901_r2","pmm",13,"GS",2000,500,100,5,38,50,50,2500,9701850
639,"gs_n2000_full_20260901_r2","pmm",13,"GS",2000,500,100,5,39,50,50,2500,9701900
640,"gs_n2000_full_20260901_r2","pmm",13,"GS",2000,500,100,5,40,50,50,2500,9701950
641,"gs_n2000_full_20260901_r2","pmm",13,"GS",2000,500,100,5,41,50,50,2500,9702000
642,"gs_n2000_full_20260901_r2","pmm",13,"GS",2000,500,100,5,42,50,50,2500,9702050
643,"gs_n2000_full_20260901_r2","pmm",13,"GS",2000,500,100,5,43,50,50,2500,9702100
644,"gs_n2000_full_20260901_r2","pmm",13,"GS",2000,500,100,5,44,50,50,2500,9702150
645,"gs_n2000_full_20260901_r2","pmm",13,"GS",2000,500,100,5,45,50,50,2500,9702200
646,"gs_n2000_full_20260901_r2","pmm",13,"GS",2000,500,100,5,46,50,50,2500,9702250
647,"gs_n2000_full_20260901_r2","pmm",13,"GS",2000,500,100,5,47,50,50,2500,9702300
648,"gs_n2000_full_20260901_r2","pmm",13,"GS",2000,500,100,5,48,50,50,2500,9702350
649,"gs_n2000_full_20260901_r2","pmm",13,"GS",2000,500,100,5,49,50,50,2500,9702400
650,"gs_n2000_full_20260901_r2","pmm",13,"GS",2000,500,100,5,50,50,50,2500,9702450
651,"gs_n2000_full_20260901_r2","pmm",14,"GS",2000,500,100,10,1,50,50,2500,9800000
652,"gs_n2000_full_20260901_r2","pmm",14,"GS",2000,500,100,10,2,50,50,2500,9800050
653,"gs_n2000_full_20260901_r2","pmm",14,"GS",2000,500,100,10,3,50,50,2500,9800100
654,"gs_n2000_full_20260901_r2","pmm",14,"GS",2000,500,100,10,4,50,50,2500,9800150
655,"gs_n2000_full_20260901_r2","pmm",14,"GS",2000,500,100,10,5,50,50,2500,9800200
656,"gs_n2000_full_20260901_r2","pmm",14,"GS",2000,500,100,10,6,50,50,2500,9800250
657,"gs_n2000_full_20260901_r2","pmm",14,"GS",2000,500,100,10,7,50,50,2500,9800300
658,"gs_n2000_full_20260901_r2","pmm",14,"GS",2000,500,100,10,8,50,50,2500,9800350
659,"gs_n2000_full_20260901_r2","pmm",14,"GS",2000,500,100,10,9,50,50,2500,9800400
660,"gs_n2000_full_20260901_r2","pmm",14,"GS",2000,500,100,10,10,50,50,2500,9800450
661,"gs_n2000_full_20260901_r2","pmm",14,"GS",2000,500,100,10,11,50,50,2500,9800500
662,"gs_n2000_full_20260901_r2","pmm",14,"GS",2000,500,100,10,12,50,50,2500,9800550
663,"gs_n2000_full_20260901_r2","pmm",14,"GS",2000,500,100,10,13,50,50,2500,9800600
664,"gs_n2000_full_20260901_r2","pmm",14,"GS",2000,500,100,10,14,50,50,2500,9800650
665,"gs_n2000_full_20260901_r2","pmm",14,"GS",2000,500,100,10,15,50,50,2500,9800700
666,"gs_n2000_full_20260901_r2","pmm",14,"GS",2000,500,100,10,16,50,50,2500,9800750
667,"gs_n2000_full_20260901_r2","pmm",14,"GS",2000,500,100,10,17,50,50,2500,9800800
668,"gs_n2000_full_20260901_r2","pmm",14,"GS",2000,500,100,10,18,50,50,2500,9800850
669,"gs_n2000_full_20260901_r2","pmm",14,"GS",2000,500,100,10,19,50,50,2500,9800900
670,"gs_n2000_full_20260901_r2","pmm",14,"GS",2000,500,100,10,20,50,50,2500,9800950
671,"gs_n2000_full_20260901_r2","pmm",14,"GS",2000,500,100,10,21,50,50,2500,9801000
672,"gs_n2000_full_20260901_r2","pmm",14,"GS",2000,500,100,10,22,50,50,2500,9801050
673,"gs_n2000_full_20260901_r2","pmm",14,"GS",2000,500,100,10,23,50,50,2500,9801100
674,"gs_n2000_full_20260901_r2","pmm",14,"GS",2000,500,100,10,24,50,50,2500,9801150
675,"gs_n2000_full_20260901_r2","pmm",14,"GS",2000,500,100,10,25,50,50,2500,9801200
676,"gs_n2000_full_20260901_r2","pmm",14,"GS",2000,500,100,10,26,50,50,2500,9801250
677,"gs_n2000_full_20260901_r2","pmm",14,"GS",2000,500,100,10,27,50,50,2500,9801300
678,"gs_n2000_full_20260901_r2","pmm",14,"GS",2000,500,100,10,28,50,50,2500,9801350
679,"gs_n2000_full_20260901_r2","pmm",14,"GS",2000,500,100,10,29,50,50,2500,9801400
680,"gs_n2000_full_20260901_r2","pmm",14,"GS",2000,500,100,10,30,50,50,2500,9801450
681,"gs_n2000_full_20260901_r2","pmm",14,"GS",2000,500,100,10,31,50,50,2500,9801500
682,"gs_n2000_full_20260901_r2","pmm",14,"GS",2000,500,100,10,32,50,50,2500,9801550
683,"gs_n2000_full_20260901_r2","pmm",14,"GS",2000,500,100,10,33,50,50,2500,9801600
684,"gs_n2000_full_20260901_r2","pmm",14,"GS",2000,500,100,10,34,50,50,2500,9801650
685,"gs_n2000_full_20260901_r2","pmm",14,"GS",2000,500,100,10,35,50,50,2500,9801700
686,"gs_n2000_full_20260901_r2","pmm",14,"GS",2000,500,100,10,36,50,50,2500,9801750
687,"gs_n2000_full_20260901_r2","pmm",14,"GS",2000,500,100,10,37,50,50,2500,9801800
688,"gs_n2000_full_20260901_r2","pmm",14,"GS",2000,500,100,10,38,50,50,2500,9801850
689,"gs_n2000_full_20260901_r2","pmm",14,"GS",2000,500,100,10,39,50,50,2500,9801900
690,"gs_n2000_full_20260901_r2","pmm",14,"GS",2000,500,100,10,40,50,50,2500,9801950
691,"gs_n2000_full_20260901_r2","pmm",14,"GS",2000,500,100,10,41,50,50,2500,9802000
692,"gs_n2000_full_20260901_r2","pmm",14,"GS",2000,500,100,10,42,50,50,2500,9802050
693,"gs_n2000_full_20260901_r2","pmm",14,"GS",2000,500,100,10,43,50,50,2500,9802100
694,"gs_n2000_full_20260901_r2","pmm",14,"GS",2000,500,100,10,44,50,50,2500,9802150
695,"gs_n2000_full_20260901_r2","pmm",14,"GS",2000,500,100,10,45,50,50,2500,9802200
696,"gs_n2000_full_20260901_r2","pmm",14,"GS",2000,500,100,10,46,50,50,2500,9802250
697,"gs_n2000_full_20260901_r2","pmm",14,"GS",2000,500,100,10,47,50,50,2500,9802300
698,"gs_n2000_full_20260901_r2","pmm",14,"GS",2000,500,100,10,48,50,50,2500,9802350
699,"gs_n2000_full_20260901_r2","pmm",14,"GS",2000,500,100,10,49,50,50,2500,9802400
700,"gs_n2000_full_20260901_r2","pmm",14,"GS",2000,500,100,10,50,50,50,2500,9802450
701,"gs_n2000_full_20260901_r2","pmm",15,"GS",2000,500,100,20,1,50,50,2500,9900000
702,"gs_n2000_full_20260901_r2","pmm",15,"GS",2000,500,100,20,2,50,50,2500,9900050
703,"gs_n2000_full_20260901_r2","pmm",15,"GS",2000,500,100,20,3,50,50,2500,9900100
704,"gs_n2000_full_20260901_r2","pmm",15,"GS",2000,500,100,20,4,50,50,2500,9900150
705,"gs_n2000_full_20260901_r2","pmm",15,"GS",2000,500,100,20,5,50,50,2500,9900200
706,"gs_n2000_full_20260901_r2","pmm",15,"GS",2000,500,100,20,6,50,50,2500,9900250
707,"gs_n2000_full_20260901_r2","pmm",15,"GS",2000,500,100,20,7,50,50,2500,9900300
708,"gs_n2000_full_20260901_r2","pmm",15,"GS",2000,500,100,20,8,50,50,2500,9900350
709,"gs_n2000_full_20260901_r2","pmm",15,"GS",2000,500,100,20,9,50,50,2500,9900400
710,"gs_n2000_full_20260901_r2","pmm",15,"GS",2000,500,100,20,10,50,50,2500,9900450
711,"gs_n2000_full_20260901_r2","pmm",15,"GS",2000,500,100,20,11,50,50,2500,9900500
712,"gs_n2000_full_20260901_r2","pmm",15,"GS",2000,500,100,20,12,50,50,2500,9900550
713,"gs_n2000_full_20260901_r2","pmm",15,"GS",2000,500,100,20,13,50,50,2500,9900600
714,"gs_n2000_full_20260901_r2","pmm",15,"GS",2000,500,100,20,14,50,50,2500,9900650
715,"gs_n2000_full_20260901_r2","pmm",15,"GS",2000,500,100,20,15,50,50,2500,9900700
716,"gs_n2000_full_20260901_r2","pmm",15,"GS",2000,500,100,20,16,50,50,2500,9900750
717,"gs_n2000_full_20260901_r2","pmm",15,"GS",2000,500,100,20,17,50,50,2500,9900800
718,"gs_n2000_full_20260901_r2","pmm",15,"GS",2000,500,100,20,18,50,50,2500,9900850
719,"gs_n2000_full_20260901_r2","pmm",15,"GS",2000,500,100,20,19,50,50,2500,9900900
720,"gs_n2000_full_20260901_r2","pmm",15,"GS",2000,500,100,20,20,50,50,2500,9900950
721,"gs_n2000_full_20260901_r2","pmm",15,"GS",2000,500,100,20,21,50,50,2500,9901000
722,"gs_n2000_full_20260901_r2","pmm",15,"GS",2000,500,100,20,22,50,50,2500,9901050
723,"gs_n2000_full_20260901_r2","pmm",15,"GS",2000,500,100,20,23,50,50,2500,9901100
724,"gs_n2000_full_20260901_r2","pmm",15,"GS",2000,500,100,20,24,50,50,2500,9901150
725,"gs_n2000_full_20260901_r2","pmm",15,"GS",2000,500,100,20,25,50,50,2500,9901200
726,"gs_n2000_full_20260901_r2","pmm",15,"GS",2000,500,100,20,26,50,50,2500,9901250
727,"gs_n2000_full_20260901_r2","pmm",15,"GS",2000,500,100,20,27,50,50,2500,9901300
728,"gs_n2000_full_20260901_r2","pmm",15,"GS",2000,500,100,20,28,50,50,2500,9901350
729,"gs_n2000_full_20260901_r2","pmm",15,"GS",2000,500,100,20,29,50,50,2500,9901400
730,"gs_n2000_full_20260901_r2","pmm",15,"GS",2000,500,100,20,30,50,50,2500,9901450
731,"gs_n2000_full_20260901_r2","pmm",15,"GS",2000,500,100,20,31,50,50,2500,9901500
732,"gs_n2000_full_20260901_r2","pmm",15,"GS",2000,500,100,20,32,50,50,2500,9901550
733,"gs_n2000_full_20260901_r2","pmm",15,"GS",2000,500,100,20,33,50,50,2500,9901600
734,"gs_n2000_full_20260901_r2","pmm",15,"GS",2000,500,100,20,34,50,50,2500,9901650
735,"gs_n2000_full_20260901_r2","pmm",15,"GS",2000,500,100,20,35,50,50,2500,9901700
736,"gs_n2000_full_20260901_r2","pmm",15,"GS",2000,500,100,20,36,50,50,2500,9901750
737,"gs_n2000_full_20260901_r2","pmm",15,"GS",2000,500,100,20,37,50,50,2500,9901800
738,"gs_n2000_full_20260901_r2","pmm",15,"GS",2000,500,100,20,38,50,50,2500,9901850
739,"gs_n2000_full_20260901_r2","pmm",15,"GS",2000,500,100,20,39,50,50,2500,9901900
740,"gs_n2000_full_20260901_r2","pmm",15,"GS",2000,500,100,20,40,50,50,2500,9901950
741,"gs_n2000_full_20260901_r2","pmm",15,"GS",2000,500,100,20,41,50,50,2500,9902000
742,"gs_n2000_full_20260901_r2","pmm",15,"GS",2000,500,100,20,42,50,50,2500,9902050
743,"gs_n2000_full_20260901_r2","pmm",15,"GS",2000,500,100,20,43,50,50,2500,9902100
744,"gs_n2000_full_20260901_r2","pmm",15,"GS",2000,500,100,20,44,50,50,2500,9902150
745,"gs_n2000_full_20260901_r2","pmm",15,"GS",2000,500,100,20,45,50,50,2500,9902200
746,"gs_n2000_full_20260901_r2","pmm",15,"GS",2000,500,100,20,46,50,50,2500,9902250
747,"gs_n2000_full_20260901_r2","pmm",15,"GS",2000,500,100,20,47,50,50,2500,9902300
748,"gs_n2000_full_20260901_r2","pmm",15,"GS",2000,500,100,20,48,50,50,2500,9902350
749,"gs_n2000_full_20260901_r2","pmm",15,"GS",2000,500,100,20,49,50,50,2500,9902400
750,"gs_n2000_full_20260901_r2","pmm",15,"GS",2000,500,100,20,50,50,50,2500,9902450
751,"gs_n2000_full_20260901_r2","pmm",16,"GS",2000,500,100,30,1,50,50,2500,1e+07
752,"gs_n2000_full_20260901_r2","pmm",16,"GS",2000,500,100,30,2,50,50,2500,10000050
753,"gs_n2000_full_20260901_r2","pmm",16,"GS",2000,500,100,30,3,50,50,2500,10000100
754,"gs_n2000_full_20260901_r2","pmm",16,"GS",2000,500,100,30,4,50,50,2500,10000150
755,"gs_n2000_full_20260901_r2","pmm",16,"GS",2000,500,100,30,5,50,50,2500,10000200
756,"gs_n2000_full_20260901_r2","pmm",16,"GS",2000,500,100,30,6,50,50,2500,10000250
757,"gs_n2000_full_20260901_r2","pmm",16,"GS",2000,500,100,30,7,50,50,2500,10000300
758,"gs_n2000_full_20260901_r2","pmm",16,"GS",2000,500,100,30,8,50,50,2500,10000350
759,"gs_n2000_full_20260901_r2","pmm",16,"GS",2000,500,100,30,9,50,50,2500,10000400
760,"gs_n2000_full_20260901_r2","pmm",16,"GS",2000,500,100,30,10,50,50,2500,10000450
761,"gs_n2000_full_20260901_r2","pmm",16,"GS",2000,500,100,30,11,50,50,2500,10000500
762,"gs_n2000_full_20260901_r2","pmm",16,"GS",2000,500,100,30,12,50,50,2500,10000550
763,"gs_n2000_full_20260901_r2","pmm",16,"GS",2000,500,100,30,13,50,50,2500,10000600
764,"gs_n2000_full_20260901_r2","pmm",16,"GS",2000,500,100,30,14,50,50,2500,10000650
765,"gs_n2000_full_20260901_r2","pmm",16,"GS",2000,500,100,30,15,50,50,2500,10000700
766,"gs_n2000_full_20260901_r2","pmm",16,"GS",2000,500,100,30,16,50,50,2500,10000750
767,"gs_n2000_full_20260901_r2","pmm",16,"GS",2000,500,100,30,17,50,50,2500,10000800
768,"gs_n2000_full_20260901_r2","pmm",16,"GS",2000,500,100,30,18,50,50,2500,10000850
769,"gs_n2000_full_20260901_r2","pmm",16,"GS",2000,500,100,30,19,50,50,2500,10000900
770,"gs_n2000_full_20260901_r2","pmm",16,"GS",2000,500,100,30,20,50,50,2500,10000950
771,"gs_n2000_full_20260901_r2","pmm",16,"GS",2000,500,100,30,21,50,50,2500,10001000
772,"gs_n2000_full_20260901_r2","pmm",16,"GS",2000,500,100,30,22,50,50,2500,10001050
773,"gs_n2000_full_20260901_r2","pmm",16,"GS",2000,500,100,30,23,50,50,2500,10001100
774,"gs_n2000_full_20260901_r2","pmm",16,"GS",2000,500,100,30,24,50,50,2500,10001150
775,"gs_n2000_full_20260901_r2","pmm",16,"GS",2000,500,100,30,25,50,50,2500,10001200
776,"gs_n2000_full_20260901_r2","pmm",16,"GS",2000,500,100,30,26,50,50,2500,10001250
777,"gs_n2000_full_20260901_r2","pmm",16,"GS",2000,500,100,30,27,50,50,2500,10001300
778,"gs_n2000_full_20260901_r2","pmm",16,"GS",2000,500,100,30,28,50,50,2500,10001350
779,"gs_n2000_full_20260901_r2","pmm",16,"GS",2000,500,100,30,29,50,50,2500,10001400
780,"gs_n2000_full_20260901_r2","pmm",16,"GS",2000,500,100,30,30,50,50,2500,10001450
781,"gs_n2000_full_20260901_r2","pmm",16,"GS",2000,500,100,30,31,50,50,2500,10001500
782,"gs_n2000_full_20260901_r2","pmm",16,"GS",2000,500,100,30,32,50,50,2500,10001550
783,"gs_n2000_full_20260901_r2","pmm",16,"GS",2000,500,100,30,33,50,50,2500,10001600
784,"gs_n2000_full_20260901_r2","pmm",16,"GS",2000,500,100,30,34,50,50,2500,10001650
785,"gs_n2000_full_20260901_r2","pmm",16,"GS",2000,500,100,30,35,50,50,2500,10001700
786,"gs_n2000_full_20260901_r2","pmm",16,"GS",2000,500,100,30,36,50,50,2500,10001750
787,"gs_n2000_full_20260901_r2","pmm",16,"GS",2000,500,100,30,37,50,50,2500,10001800
788,"gs_n2000_full_20260901_r2","pmm",16,"GS",2000,500,100,30,38,50,50,2500,10001850
789,"gs_n2000_full_20260901_r2","pmm",16,"GS",2000,500,100,30,39,50,50,2500,10001900
790,"gs_n2000_full_20260901_r2","pmm",16,"GS",2000,500,100,30,40,50,50,2500,10001950
791,"gs_n2000_full_20260901_r2","pmm",16,"GS",2000,500,100,30,41,50,50,2500,10002000
792,"gs_n2000_full_20260901_r2","pmm",16,"GS",2000,500,100,30,42,50,50,2500,10002050
793,"gs_n2000_full_20260901_r2","pmm",16,"GS",2000,500,100,30,43,50,50,2500,10002100
794,"gs_n2000_full_20260901_r2","pmm",16,"GS",2000,500,100,30,44,50,50,2500,10002150
795,"gs_n2000_full_20260901_r2","pmm",16,"GS",2000,500,100,30,45,50,50,2500,10002200
796,"gs_n2000_full_20260901_r2","pmm",16,"GS",2000,500,100,30,46,50,50,2500,10002250
797,"gs_n2000_full_20260901_r2","pmm",16,"GS",2000,500,100,30,47,50,50,2500,10002300
798,"gs_n2000_full_20260901_r2","pmm",16,"GS",2000,500,100,30,48,50,50,2500,10002350
799,"gs_n2000_full_20260901_r2","pmm",16,"GS",2000,500,100,30,49,50,50,2500,10002400
800,"gs_n2000_full_20260901_r2","pmm",16,"GS",2000,500,100,30,50,50,50,2500,10002450
